"id","rating"
38230,22.9452369352029
47413,31.8786559536093
35432,27.3734479121267
45147,32.9447517212622
58301,32.5020589821355
50154,35.4482285253158
57883,41.7579762469451
43451,32.8346064907793
49122,26.7044859552156
21622,27.5920432534915
21825,31.535695583174
56306,34.3042676787009
40282,40.3228849794327
58408,28.8612209473396
41712,35.6434378066665
48111,33.9548024635517
33073,35.8199717511814
57893,34.213739448938
48302,24.4757441623003
36754,31.2302203411744
28195,32.7952844491165
49939,36.250683201351
45720,33.9158471514696
46977,36.5463072935786
26219,49.0583525716865
22208,38.8698133440751
58931,37.9067077345098
40714,34.7851280681644
50059,41.3678137346917
31045,41.8508279105856
27885,40.1760643858994
32262,40.986473383204
36359,36.5137081812893
21702,40.4088161324839
34979,29.4534282999105
39662,42.5328249997729
36256,36.6618770380437
47381,28.1717987413411
34351,25.0585575600927
54799,39.1334117686004
46752,40.2323769597133
26826,38.8601760509677
23831,36.9273080191641
24594,46.4298632794747
46637,42.3133047537899
51309,42.2649074229392
58992,37.9820432509823
42835,38.6420156774515
42205,37.9990596624823
36826,30.1575044284214
56050,28.1797065110677
53871,37.913173767083
48540,27.6386038393462
39685,33.5535547443292
24774,35.4437939640769
23419,32.3554110280151
53019,29.8362279522674
28371,37.7374746563634
26750,31.1862042310062
36468,33.8768284349444
25756,37.0791188745532
35186,38.61627461644
42307,36.0657796182142
56651,45.1845141169014
38940,39.2235954078129
43284,26.7191940054847
54872,42.9952004005597
29561,37.4195241696726
55475,42.3910078416734
26457,30.6244440698351
25291,31.437439595495
43419,40.8619588994213
21785,34.2496013123783
31357,31.2064065119187
22929,40.011527557917
29415,35.7488603662526
46241,43.2145890978326
29452,33.4554245263864
27440,36.5944126448475
49965,43.9900315855111
40180,34.3533548817413
58522,34.632949951226
59981,44.6298271482545
37712,44.0426404789679
38011,38.2868765823434
54746,42.6354937909214
29886,40.3303269509819
22920,36.9422791618352
31358,40.8767886093268
54320,35.2484858342877
33055,42.8166315328174
56559,39.7292113148425
27006,35.1636535347368
45257,30.8062566792663
44528,35.0056213170062
48887,34.8352329488373
28149,33.7930978316852
23476,32.0647492678275
27063,36.2047145902721
54206,35.3281535258875
21871,43.404878569979
35701,31.6315938780581
22283,34.0993952831116
45295,31.8205795573473
49312,37.2020879583058
43909,34.1544398223058
49314,41.971696427468
27959,32.711340757038
24438,32.6671986185525
34638,44.2375285977794
24946,36.2443486664857
53962,52.0201084521885
39542,26.08258811884
59521,36.7984895091468
49472,36.6372583791885
52390,34.4096529108272
33505,33.7147049560916
48621,37.4522185413786
25698,31.0758304370622
41285,41.4557845043074
51189,33.1633339964226
23635,37.0485348659806
57115,33.7149036350081
26365,25.8289891094957
57938,29.2391316307194
29686,27.1006763758096
35594,34.5211189465892
32214,38.6949241094559
50763,39.8944366568896
44848,36.9069260930612
28164,43.1207667542273
22530,29.7956381172387
41307,33.2398724630617
56823,38.1459578766505
27829,45.1100880172797
23704,40.7646842965762
51509,27.7000381531447
43491,37.124483486395
41824,37.985082571751
41855,35.7283857656638
27826,20.4202450099523
32928,34.337029850997
56557,40.6103807328737
40264,33.6603376014063
56996,37.4323483384374
20774,35.0674451510953
34376,33.3430113479983
28831,25.6230879348941
30790,26.0107684488025
44901,45.9796325057693
40400,32.5604857192846
59371,47.9142261256766
39758,36.6940963900935
28302,33.264517388771
32513,40.9739460326205
28276,40.5611543992458
47788,39.3027808453828
38004,28.4132842148836
55777,33.7913769899001
22878,30.1039196333867
38544,33.0937578073093
39598,42.0172859266005
32829,40.3294010051325
27510,38.2489405604436
49017,27.9015253424531
48643,47.3693622490995
30670,42.9353728571038
28981,38.9659357187161
42884,35.4326340189819
30361,27.7443993346558
52219,20.5479441639517
28913,41.2645012449329
25301,37.371168918366
24251,21.8624206542479
52157,40.2941952923806
58296,27.8297923442455
20804,35.123621603387
35957,41.7225676827044
24603,35.4077768257672
48838,38.2537103411366
33054,41.0705272419843
21254,39.6252763176029
24777,40.9214399122117
36416,36.5532598735254
43405,40.4790262406696
34315,38.0399648329973
51203,44.7068788252349
47724,43.4880582746358
52356,32.2195146979351
39711,34.8506902220639
59205,42.8331320743698
29594,32.4248971082929
34241,36.1990041155669
49884,32.1663998912128
59573,34.3196977205726
46073,30.9594017644717
39594,26.7133393419805
24262,41.1642060696475
33996,36.4927858916557
40075,40.0039531403514
52286,40.9625911235691
32324,39.3936823416803
34228,44.7158308899745
50675,39.994640072358
33233,38.0685048694342
47733,41.1554967225236
40634,41.6153157708903
47007,29.8189959038261
53757,29.6882738832562
58226,22.7934324709898
37106,41.7958943726393
46040,30.9504103864115
40512,39.2330122415068
29195,36.0047312477354
33634,45.2253656471457
53351,22.7550669348045
38889,31.0332075996122
20678,37.2328401085197
42935,34.2723387302866
22223,30.3226137045334
54507,32.6389570186568
24179,31.2454000380057
33181,34.3656519786151
42380,32.4563429267803
25042,45.0264060224591
27649,39.6082341092544
48760,40.5973799972825
58789,35.3815269518369
43179,33.5802122746981
57655,38.8928159183879
41425,42.7897418741727
30769,40.1490023030993
26475,37.9244772365309
58409,40.5286520091375
34367,48.4297408597752
59761,40.0873001875277
30544,35.2397206480093
27554,37.0489045787243
22502,37.0489045787243
32007,38.9090775916113
42455,34.0757294965433
53106,40.4487246098764
27637,44.1733212779819
25836,44.8571424046399
40247,34.2829741615727
55151,39.4469365218563
29935,40.1855322611281
54481,41.2899095463652
44240,39.6682273700083
38368,37.5001435767364
29763,35.7223642544028
41251,41.3768522238205
25737,22.6331427791793
22418,38.6351840938112
36695,42.6735750910522
54665,41.6684266528232
25155,34.945395127402
59565,33.9621020249934
28103,34.4372441352108
48915,39.0199603280225
29864,45.576303396155
41963,33.330743313091
22397,39.1490579808519
37761,43.4134398669957
20650,37.5355794117243
39833,38.4795202261685
39287,43.4741474850216
24360,33.6034318553509
59766,34.866607688951
36255,27.1872745349709
48464,39.0552521575084
58747,27.7838319642477
30701,35.4636589518469
49374,34.8479671500201
54589,38.937805032898
58719,39.5440711875567
28148,40.8630636031169
31970,38.4629913205869
47824,41.2717542731008
24665,37.9586156686019
41050,34.9338064620708
57544,42.6207755069764
48174,42.159167637324
41886,42.9067106233795
35040,40.5351689516835
32960,39.605487878477
42968,45.6848637528136
25508,41.3618032692704
57318,37.9880070805423
39384,34.7085506543458
34536,39.2368048994841
41274,32.2063308496635
46203,39.616154015825
50489,35.3631025999468
57429,34.6338142251712
55319,31.6770145165596
21303,42.8241182698775
53087,38.2857224381712
22501,34.2986034631174
20418,38.773333033237
42976,36.1039943102036
35049,34.196377727143
32642,38.6982485898216
44049,40.6046499998841
54547,36.469031681755
26572,39.6970405765755
39125,42.2956326526455
46740,44.2195909735838
50911,30.8180814324942
33518,34.426047261267
52794,31.8557358277952
54899,31.6168553551742
47976,28.41348244079
22297,40.2316647658733
24773,41.4840081288131
24982,40.8631185456689
53628,32.1288048730433
37123,33.549709353161
40510,46.9717700004197
59804,39.8512338419936
23748,41.96632449458
56549,33.4822045634589
23595,35.6750172641953
52995,32.8800365155697
39345,32.3400673884193
51517,41.193396707686
36906,34.4847965021581
57167,40.7803153808611
29952,41.8817050411882
32136,37.3277398305311
21835,32.709112409242
33581,27.8873221243545
54987,40.4692789326662
21560,35.9306757239906
27685,30.4208228575846
42456,28.4636600660151
48507,32.3681613448423
36125,42.4714128453104
57223,46.1378738757377
44939,40.7089493483279
36282,40.6849020589277
31259,42.8180075277941
56931,41.1623811473345
59692,31.5069997848084
32956,42.9858532702597
39349,28.9165038834714
37107,26.5417500395511
51599,19.7290362113348
31866,36.4188693252554
22315,33.9710458232012
45453,39.8420756096005
49526,40.8470927480503
21205,28.0068757477262
25003,36.532324963221
54440,32.8441198883118
31718,43.4816142768662
30199,30.6911840642928
47156,26.031776861258
34467,34.8281523052481
25350,41.4210845639792
44662,34.3286367860847
31642,35.828660607535
31254,39.9685623654467
49995,34.4403921027306
53545,42.2909924823299
41364,37.77174570596
20357,41.9696359632382
48370,42.4101954911686
56220,39.4559854563821
47047,38.8914857595502
29180,41.9036684595223
43820,31.9724612516437
54693,39.639710726225
59352,33.1024737043912
39575,43.2899109456226
49761,39.8659330595156
59288,31.021871817404
54370,34.1505268436101
34055,24.529347561152
22821,29.7545143466684
37799,40.0662209986293
22486,33.5365442020724
31544,38.514782156759
44591,37.9519798275893
37242,39.1386792327313
36478,39.3443518144669
43567,36.1113523917859
22218,45.6680985617456
38550,34.6577154114794
46805,40.3137913524661
27000,39.5334376389358
58535,38.9738536439895
27519,26.9122216437464
41809,40.1253285479469
31771,39.1830202050981
23232,23.4927226159217
41144,31.6315786420398
29724,30.3300501742466
41697,36.5936329542364
31060,29.951557521838
30993,44.0680469015986
53277,43.8208187003587
49769,36.8493538328152
27371,36.0641544555131
46096,44.9167628411662
35475,47.5427543217201
38247,34.6820976784065
30043,38.3363058272543
41085,35.8441966611326
23532,28.9648104137831
30317,29.8381323303882
57116,45.2879547453282
27652,33.9432316726096
25363,30.7564746696342
55877,33.6564538923408
32028,34.2337474470436
56472,36.8969426285196
39026,38.7103585447779
43691,41.8024385436374
28217,27.9670134132617
54073,27.7302923093995
27736,46.2872623235258
48756,37.5131339228505
43599,36.5956335336288
25002,40.0454066336025
46536,38.5846683504839
55894,43.4983522049278
21892,42.9024637598816
35253,33.3062865461176
38070,34.4554070259499
42181,41.2539449673422
40732,34.8081974397508
35413,33.717425905829
24753,41.7639092743309
40516,39.0912186229012
35941,34.2653880270368
51075,19.154835905188
50635,40.9855766532077
22155,37.355670128323
56726,43.4341880732704
39170,39.9321292144399
24540,39.5465905298998
30997,38.3536611398443
28933,27.0231586939226
43597,29.407843404387
43240,31.6636502671609
42282,41.9726040633545
40860,31.150432304477
30306,39.2715385413796
48787,42.5255781072928
22294,27.8202414501935
40816,39.7363852982093
57298,33.8646837046938
52734,44.2494461035504
21273,36.2286119679012
25637,33.2216685928512
37908,35.1141059416132
33537,43.6454215356156
59117,28.0802525720611
45354,36.8351999790194
54159,33.212939979397
51501,43.0693147724427
54991,35.8569772167467
28622,38.826206056228
28542,39.5498925119152
34077,43.3663287321517
55521,36.1374473930357
30525,28.8043118227143
28759,34.7332707000332
25573,32.2543105739184
49094,31.1828992972564
36858,34.704121077526
29871,32.2838166856192
25407,43.8722250991449
50880,42.5222239968016
47913,40.7666562346425
24767,35.0143590550483
22318,46.2220925554465
42474,30.596728123437
46303,42.0144363790344
27497,40.3854663285054
21815,28.2768601976679
35802,42.7661868060806
34722,38.2148837068459
34771,36.7227819747437
33543,41.2393253521093
53788,44.8746181624027
25671,41.0912549151468
53190,37.8417741976688
23305,38.2494931156702
33247,45.1158234650996
36640,44.4182807483576
28465,49.3513286647628
34799,43.4924647557286
36501,40.2807285094727
57251,39.6535904492649
20387,32.0414355561788
37454,39.0911557569371
48573,37.7389819573938
51662,29.155705856061
26473,39.2865828875647
21864,39.6269531965981
34590,32.9303869387338
44534,38.3406089551119
31952,30.6721651606068
49999,39.9473538233789
29120,37.4896584439534
43176,31.5712582560928
50791,39.3291963904939
48647,33.8605641444356
49273,31.6512293022067
39628,27.0725134734567
39361,33.9121959061996
50703,37.7251792363907
24552,44.3967926211242
57203,30.3901975375718
36743,30.569048360151
38189,36.482485260276
50052,33.18665947064
36182,30.7363321728735
35839,39.6349153330845
35270,29.1101518340464
47158,36.1499544248088
32196,42.1948884413402
50543,40.1822698022903
33809,39.8595822032158
28612,37.8744973640169
54942,31.2266761307699
42964,35.3827508011663
22442,29.6956966001037
34561,37.9698992434329
38926,36.7956304565205
51830,30.3432332047899
47544,32.8305454833454
38425,36.1819027692127
52335,41.0234406889115
57683,40.6519246949486
32805,29.4258849516477
59685,36.1173183055229
36393,37.8272208460028
59468,40.1757192819898
47511,26.9775762116152
47743,37.7566955285759
48257,35.3843233438218
30960,35.2987958964243
29361,40.6799170993545
23708,39.6601119290532
27466,38.1505071307241
29176,30.816022890191
55266,39.240011181577
46788,40.4554182042627
37167,33.6988435504885
33862,37.2716966239438
31126,41.6512430732452
24066,33.9816695392517
26434,39.8808618488211
38499,34.4797027589642
20931,39.1580725935872
49093,33.8666731514764
31654,33.0837209675996
51520,40.4841639030763
40041,40.7013811825305
27574,39.4278889494033
28256,44.2621239351575
30168,29.4619727329388
54128,40.1128465791733
41995,34.6269768917891
27047,42.918526894996
29818,27.9727837798893
49148,39.6186049606681
44703,40.2191683465791
33855,35.8030712382608
47403,31.7128146392407
24368,34.9533207709643
41392,42.0660166388856
57278,36.741818915674
21354,40.8989384718914
46708,32.7283200085629
28266,38.1389653209718
57465,36.7753234610108
24551,36.0587842438814
35913,42.6602560250285
48344,43.971389754626
54080,27.9740449814653
26183,27.4694704482792
20629,34.1818958462438
46334,39.9596380398256
38608,35.9508546936865
39396,27.3647193801191
41792,31.3741872767188
40847,41.92468649378
37622,38.0301093680265
27199,26.1235755787449
31435,27.5367174501554
42542,34.1965595903554
45024,38.0620337759472
22381,33.5820437148322
56663,27.7135882888255
48416,40.791104576036
22157,40.4804501657351
39775,30.8299257130842
28500,40.2475719698926
41406,32.1191082050455
35559,31.9072596983985
36090,26.0457846596669
47800,41.016124787304
34116,39.6106069395226
21077,39.4712118907761
48850,40.7332291044323
59546,33.4034826716767
22348,42.613162065658
32919,33.7987240193384
51581,36.3886355191861
21041,44.5062910471666
42751,34.3687812046164
51002,39.1595157376685
34850,37.2361945337425
54316,34.7627514156339
34094,40.1587524619402
23660,33.6105416286317
35654,34.6796764146965
35711,40.7662121162885
27439,34.9720521126536
59081,43.7390008402672
51163,37.7573732035121
46925,32.9356453980268
36330,37.4201496411062
36392,40.1278173689984
40662,35.238910121782
45159,37.3118227523996
45848,48.1387914200212
23388,41.1262716671623
43749,41.6013390640281
43618,38.9802602657316
29208,39.2475353321268
43953,32.3425263741627
38501,30.9754536603292
52385,39.9336849242682
51064,37.5128251735297
35516,51.0339189471526
51714,36.4546236286122
47162,41.6805233290701
28731,31.7860672850982
48663,44.569397253887
54239,39.9889967593068
22968,33.6591101778122
30839,40.3220917108267
53286,32.1738740895927
24983,42.289069781928
29629,37.0480952392367
50331,39.2757334631441
49855,30.1737519859818
22136,34.865185375909
51833,39.4631100325075
21289,47.1321165402913
58478,36.1918362064142
53706,27.368173220909
34615,34.4160783371364
36173,41.364755781082
53311,40.9577244046308
44015,37.6728456785159
42586,37.6267603166659
55789,39.3976145792501
36002,31.2103213864065
23006,33.7868007745707
51948,32.3462791450104
36055,41.5102589134072
47259,39.6433168079382
42593,37.4020911209153
29432,35.9438143982115
31999,35.8785221475138
42318,35.3629359174733
57175,38.2130198213045
43117,27.7105511829813
42720,40.9543553966078
38223,35.993863090002
29904,32.3426382566492
56463,43.9142801481598
34618,35.2871700001821
55407,37.7232808921387
27596,46.5620181013322
59641,43.141450675454
31916,40.1204913991328
39980,34.1640614772392
43703,24.130548311983
49433,36.8169116973384
27960,38.3401565269455
47658,40.8397431304322
26469,35.9093750836938
49818,39.2968585985029
46339,33.1634742908806
21837,39.0318264441012
58562,39.3306092531236
32672,43.1253425700255
33830,37.3912498557466
22954,33.6718854487828
37790,35.1299404823341
20878,40.9524830608773
20676,32.0397514321563
22431,25.5816866844755
55845,39.9666890247699
54226,31.2786794948991
27500,39.9121404234241
26489,43.0473773746843
50383,36.5027663224893
28133,39.6002362189457
42728,33.9145420663875
31293,27.3617491921251
52096,36.3230760598275
49487,34.4022865795646
58359,42.4408185305267
40314,42.8420161878888
42084,39.8651538359451
56385,30.0036933350145
40582,33.0059495219923
51567,38.8865382228501
36445,41.903491985523
29866,28.5927488974872
37663,36.028709708294
40016,39.3880700637181
25550,34.1935222628101
47308,42.3590050023089
21786,40.3809782302265
58215,43.3362256344801
48973,33.9075344467495
35280,40.3434885222526
46945,39.1145904133266
48451,39.2969132397211
50950,20.8421946082329
54417,24.5465460858082
25542,46.8958272868423
23953,36.7728490305653
22754,42.5547788014351
40621,38.7827490618177
52474,35.2213581034022
54178,39.8840464997406
22048,31.9142558050137
29313,38.3021135944321
25357,42.2120418370513
23035,41.4947732230074
38413,37.7354883592534
21448,34.8826554335149
48197,36.7499913290098
26218,37.4045342795788
56901,31.1268566021079
59803,35.5304584087018
25060,39.4127381646976
58487,35.7771489377678
53905,39.9636331239734
45968,31.1686010659957
33412,30.088045173529
55770,34.4161909020112
45283,38.0666211215101
39000,37.7535283778224
43787,31.0569574364924
55360,37.3264373452075
25348,39.2019768062461
25577,39.9277404152489
22371,45.5156433235844
29241,37.4158333243912
34504,44.1053183741805
20575,32.430344247142
56961,35.8159151008379
40064,42.1316305661212
50189,40.0336609436217
54278,32.182247134771
59542,37.3975296600178
30574,33.9204672262925
27962,39.7461647831166
32756,33.0961145389338
24744,37.8772183162001
58549,38.787115016043
57950,34.0610350705974
35879,37.7167123977009
56404,23.452766467961
43834,27.824253338097
26908,38.8433904091544
58751,34.0766078755229
41071,36.6902278335688
41656,34.1812235914007
54672,42.7372395910608
36594,39.1238249426508
27690,35.7980399954276
22921,29.4403111106411
43211,39.9891436813065
50112,41.5328126189238
44209,37.1853771904472
48027,31.3984311989889
37716,37.8714918141307
22876,34.9720964378234
24814,41.869214456112
26730,34.8273161539117
33557,42.5286087644397
35783,42.3694442716686
43563,45.5541014975306
56844,40.0902183046368
22714,38.3157734709811
43694,32.1365901817164
47066,40.216051118576
42726,36.8686120561841
46042,37.6742524331925
32046,33.3439057563255
44421,44.0517597023549
44481,41.0535343179057
52339,37.1114842432103
20368,40.3905939529084
58780,39.2061954412703
22292,41.3591678914793
24180,36.8912625022162
20469,32.784030270515
28096,42.1506240473989
51988,46.7092190811626
30872,32.5598146280126
49905,31.949269494928
56083,41.1666098403287
35595,29.459065063106
59045,30.9097761556964
31540,35.1725594237477
31311,39.8972258327122
27720,40.9863866872679
21989,39.4540541281489
33258,35.7512345296677
20134,36.7985109140395
58919,30.1197756547405
21911,39.8780218360157
33598,38.3437838421464
28447,39.2179493249894
35017,30.6010846001777
30332,37.7616869084685
42701,39.0980873877608
25985,42.5078710942211
22816,39.21035303621
50088,35.2492125860164
37474,31.9008213844828
44238,40.0876734669821
47896,36.0897567627943
46771,34.9522855234386
44854,36.391788630054
35955,39.7274682680814
51579,30.0930313199279
41099,37.8035912587623
39020,39.9915739213508
25930,43.250782661814
50516,42.460293844598
37745,36.1651767057595
44829,38.3606375473204
39208,38.2231288253266
32964,37.1841863368677
53654,31.8943969457749
22680,38.635606604441
30580,37.2737323424104
49582,33.2545282602614
34206,32.6021209029965
36933,36.4752328512974
41302,38.2261019052335
27842,32.7003882553694
28375,31.5610325499318
22029,42.5608137460714
52169,31.100735936233
39494,31.2809085308585
38310,32.8983036793067
43165,35.0036315999754
31535,43.1470084093516
41061,39.666619874365
34480,38.1613082375607
47329,37.5405837894651
52459,37.0946720060666
46128,43.1456248500596
27592,38.4437908583468
23471,37.7397076614143
59048,34.1866900120958
35267,31.4059293758117
55247,45.2595564208927
56895,32.5531592292117
53642,36.3131256918037
43765,20.5245148970662
52419,31.1136940398832
41668,34.9325754044886
40396,30.7934010519369
22870,37.8490066852135
32669,38.5311831172158
22681,44.327126636397
57068,35.0276532179056
23345,42.1613814274139
33575,37.9196797243339
27237,37.9979216148426
38419,38.989514592637
45588,42.0011815540242
50752,37.5915980492483
50338,23.1029171160754
28083,35.9644212856261
20952,39.4472167669868
43001,45.1011915490367
21562,41.3075382103622
54747,39.7724387932728
33424,41.0501707564973
46408,29.7530031293125
58148,34.9373148392652
29527,42.9073513267259
49398,33.1034151024401
49451,39.2236176761833
41040,37.22607646204
43816,35.6870975065105
45773,40.20883254407
48167,43.1347471354823
44786,42.9618448906967
57619,37.7894552648987
52583,38.5548045020429
58458,41.6556336545358
58723,38.0107099218769
52975,29.7702640167459
34541,30.1577130504668
35137,30.5798702582383
43507,28.5240496805494
31202,37.7176825705626
59868,36.2592891494797
23678,35.3358501408633
42344,29.2552551606946
40849,43.2802438213992
33530,29.5446829582073
50648,40.8193815360898
23744,44.292184109366
42373,37.2992167547391
45411,30.6306338903685
58563,24.0192169625589
45370,44.008193143644
22059,44.2716589992894
56339,38.90144658119
46032,38.0160058902939
44119,38.1684182658031
39457,33.0949585918064
47399,38.7225149181702
42900,42.1482359156965
40738,43.554424707494
46916,36.3294409878026
41058,39.5220506203618
54353,43.0348967899407
59871,38.5479869662198
23814,44.4953762524586
25796,44.1877338537198
25038,42.8535912863649
49218,38.7123529754204
25760,21.8246701074023
27382,26.4011806998038
58424,35.1873933249368
30786,41.4501866511056
50294,34.5487232954679
45489,39.2865134266139
46979,43.1262346028152
30151,30.9885923315988
57691,30.3786907458088
36235,37.5208283402062
28120,34.9108994664118
31205,43.4913813977924
22551,28.2837672011662
26417,36.6874333031508
23588,40.5499542557875
39845,36.1889648114747
42519,40.9985503114987
30498,33.3159963136204
32318,42.955622136933
49403,38.8450144899445
43796,38.3606375473204
56272,37.3000332123787
50058,45.496158238732
22865,36.2031482396605
49154,32.4071848474204
41571,26.6676069586885
20504,40.3711530551224
49423,45.7249116461049
55382,46.706468184315
36596,35.0274102727983
27014,40.1916718581101
36065,40.3943812572052
45761,39.848785510098
45523,34.632866802705
52232,29.6576440126067
57644,40.2694062663614
47888,32.65052773896
46255,30.5862685033505
23828,39.5073925101069
51159,39.4375282711495
27133,37.0147440666391
36815,36.3666082848512
39639,22.2000592335129
49697,35.8119379656871
21607,29.9384800812535
58419,31.2601452901504
57537,29.1425354405222
29780,24.9201847980579
20949,38.0351988743266
21375,43.1953208121436
24344,31.0748890383126
47991,19.8710265743479
57778,36.3394606261232
32900,42.5206344741001
55226,39.9276775052181
22329,35.3579514847317
40022,39.2563801633836
22732,41.8336172701463
22456,41.7635268237023
31044,35.78692864316
35645,45.7199867997308
21764,35.9873452838358
53557,27.4109390112015
47555,39.7040151815273
49350,33.4954740495175
24813,26.3483707687756
42406,36.448683174113
56818,29.8390702429424
27102,41.8098285880255
55884,32.3841078850997
54170,30.8318215427423
27888,36.4585713069701
56176,40.5487060661535
30941,34.4514337290725
59154,39.9023949110962
49572,32.7854396604292
38136,41.0242078822565
38385,36.0541306086274
37985,37.324505738548
38659,29.4009133419934
55318,37.737323238979
53199,41.9982142290516
39315,42.4791339677399
41264,35.5184038067685
31645,36.8296454872557
46333,36.8019890505653
24534,34.8979043945651
44192,36.8169028410626
53191,30.4375668355823
46272,28.3386634090781
26810,35.2647545354673
22785,41.5985730452487
44632,38.6594981567157
50044,35.2005664836535
50856,34.0865615341401
42242,39.9331724662925
50070,39.3289736582833
22549,35.9950483426322
56357,41.0658001314713
27061,31.8522425470222
49969,38.283083820269
47648,40.2187790243732
25859,40.2513845507055
30594,36.3415043250584
57762,34.4759119996145
49566,40.1167015562998
55907,33.4479102020091
22475,36.3034288005245
53533,33.985453163091
57383,21.9195666033231
52927,40.3590149229287
43678,33.3884920935649
54207,41.4595583138847
35015,30.5963382591425
26887,30.7367319612299
24207,43.5915112723134
40794,36.6259454655018
44749,32.7491900819883
40281,35.5069544038337
21404,40.133110990624
55932,34.1507282889829
22607,40.7225876537606
54841,40.1497158256453
23370,34.0294825703178
21085,36.8232603952765
21662,44.7812379114815
21220,35.3905046520395
49516,42.1198270785603
27077,38.6091618351174
50366,37.281437626132
58717,31.8053412842065
27821,41.6128669527621
42553,33.1965012138068
32422,42.1344800200591
47135,31.1014892554006
26755,38.883382519311
54998,35.8364169214265
35469,31.5231829582972
33115,42.6406270453232
56918,33.2820515366504
31308,35.2718993667351
31912,32.8898558780873
25110,40.0547385116735
44254,34.579007698641
35349,31.9111293705508
34444,37.3350153923028
33954,34.9332188314728
29859,33.8756222294933
35019,39.0979171708758
21125,40.8048712153484
54990,37.8132582565735
38682,40.0848739742688
36799,38.4024892395412
40834,20.9522693196042
38032,30.654101710888
49230,34.5292725716796
23168,33.4449804513735
51850,32.6159363566218
49580,32.572023952119
29397,39.9190871343732
47423,30.4095822356196
24853,36.6928546761867
24331,36.3657795928721
27076,41.9764958737399
46127,32.5917526560434
40912,30.5581732070883
32400,36.6279651271782
48904,41.8922254686718
58862,40.313821448768
29491,32.3371498351336
21726,42.0803580568163
26386,42.2802543320494
23629,40.7073688416954
31595,37.7295425489944
59107,29.0591485472158
30016,31.3555195860309
36824,34.6392943099395
54307,36.9559153490575
34592,31.4572867772117
55920,41.3270175699291
25095,38.3947072816016
39329,31.7804291422205
50583,43.5247129964073
38467,36.0380591267296
36309,23.715920446343
59923,36.410990675227
55882,35.7969164893263
41298,38.5628524591825
48602,30.3227252518887
55099,37.7214558781252
39822,35.1885813302991
52967,40.5866528299943
29788,40.5326741284452
30356,38.1612933474042
34261,35.9372484632374
28031,39.4345344839867
36206,40.3939750122103
59875,38.0768880352199
38407,45.2482600926841
56768,38.0222197589691
21753,34.7089764095766
42135,38.8738200195989
35396,34.336303300682
25091,29.3498351916757
43023,35.3400818555965
59669,34.5736621716528
46084,45.679255196445
31522,41.3711397731955
59910,32.4096587762949
26910,41.649274149357
54478,38.0944172379449
51821,30.9240330993206
46433,34.8665603549483
36517,33.7428424022287
33231,40.9297202301095
52366,26.304150411711
20871,39.3014443991164
46440,40.679701123119
22288,33.1524124879
48701,37.4406458167948
55295,46.8946004921606
33703,30.1653397643646
32497,43.4866629376353
22605,39.5467228370823
45509,33.9302092826237
34443,30.8315795725076
42521,36.7881467202271
47215,40.9625656507722
29626,36.9015485596759
20521,31.9023208809487
32167,43.6185462373453
45990,34.2087623858342
23516,42.4351787937302
53919,32.1225418880955
33906,38.5971378569169
59982,38.7593612926765
49794,41.5708529045976
21609,39.7280581783834
27530,39.7248422245492
35806,43.7444894985886
45052,42.3074453163405
35610,40.3830383158525
47263,41.3848885360494
42253,30.4268498771992
29701,40.5304090439815
53684,33.2088171095687
46520,40.0863553473922
49766,38.4072285519176
23544,36.3546609108785
48607,39.1115309594513
43609,41.499943614516
33438,39.8089480747208
23300,36.0865425598735
28004,34.422081837095
43753,42.5033120373971
46325,38.516897304331
53043,33.6726323202015
27558,39.2566416155297
29040,38.0093062756689
24859,39.6544513921105
45423,32.196092846914
34692,38.4564406500404
28493,35.0460861299884
50051,37.8289547106455
41774,31.1373399410937
43280,42.4890898300217
56840,37.9828169617987
57786,42.196661002379
39241,44.0169904326509
48445,48.9017718735711
49840,37.6451836657389
54015,37.5761057995583
43807,37.6973624863775
26466,26.102800319906
37903,36.0646785985518
49685,28.2718204469705
24548,37.7138588855971
41354,31.7178515879658
48755,38.5905821298018
21520,46.5839877889921
35273,36.6330909428426
55653,43.2220497305208
51371,43.3467768949947
45107,38.143821422694
44675,34.9523781132312
25172,34.5809025440265
50780,37.1201299044175
32540,29.3116737449162
43564,41.5623897139226
22327,34.9517240435857
57760,38.9583967912268
51515,35.4303325887371
37062,37.4269835292294
53215,35.778746489674
35623,35.2876662563773
59329,41.2361681742452
50514,42.0867503693102
32799,44.0121510908759
42523,30.520433461458
29372,34.2046925267861
20531,33.5510804629125
20528,37.7599786886356
43784,34.0961858663675
27121,43.5502843099286
51868,31.6372636523677
33692,40.9572631378753
32024,41.5650680940254
44213,39.6704960050349
51433,38.2005028365266
44365,39.2509825293961
25813,36.8081910744167
47461,43.6394397599537
53560,34.9570062507007
22909,35.5861308677685
43027,33.1556536562796
40757,44.1281200755701
49793,39.5225536049763
45857,44.9511089655779
54795,33.6925227670616
25801,38.0300090432853
29555,39.3356650478383
34154,38.5197569642445
31513,34.2344580280857
43389,33.41232839328
47562,39.1991928802077
36924,32.6292126382994
38718,42.5854654612252
56984,34.7041727147421
51297,40.6172025681245
55658,29.5801057337558
50835,34.8352859696866
26110,38.1403086975076
38277,36.9248338136236
21134,41.9982040437999
58506,33.6615688394051
35969,30.4697840574718
58958,41.4893905865254
35911,38.7616216684899
20119,39.4996986346364
49414,27.281736579834
36770,38.8605686762386
51779,37.5587041333005
25432,42.681050563204
50141,34.4111588418385
20001,38.5627829078373
51932,36.7709767793505
28942,36.3390706626093
28319,40.1818821037348
28624,38.3402605094037
54499,34.7311632117068
59140,37.271053764783
40811,43.9246770983136
23257,43.1774314490553
54188,26.5746031765
45954,32.0891809753152
51270,35.6114712846197
32986,42.2263211659669
37093,41.5949987429067
54296,34.5979298728362
29375,37.7452628060941
38363,50.2587628645196
28618,36.3631633024845
55760,40.9981644182141
27265,42.6211879664055
52091,29.9614271408341
58115,39.1506275429168
54645,37.6404049581555
39166,34.7452912147494
44086,28.8343178236043
50602,39.2827958568119
51601,26.6821235198389
34619,37.4456881572335
58534,42.0195914306837
20655,43.8748478714119
31518,34.9565869560364
21072,38.8012394554865
27344,40.289420045895
43919,23.8017117441013
42259,35.5849713017475
40275,36.0892524679169
38860,27.5703477432799
59005,32.8949760238365
53160,38.5281640488946
57483,29.0281967173449
21757,38.3109791007845
55348,35.1119426120048
35785,28.5427265811674
37522,37.5487759853121
38924,35.9889222891157
55847,42.255890404554
52115,42.2644018906085
44200,40.5974694343209
27772,39.9671250973873
29164,38.3285748578459
40577,39.0141255134314
41655,41.1232368038312
36406,40.2630622563632
36218,34.7054384483313
28754,29.1600024883435
49354,35.0488223007028
42945,33.0593944420898
46990,36.1496377475824
23226,31.7208340324843
43052,33.5883679722458
42461,38.6541284828188
28717,35.0217112560979
54852,38.8213552393196
31623,40.9955962408369
57825,30.6710096186816
26364,44.3263987744652
48559,41.2270604712448
32861,37.1989090435983
59896,38.3998207891701
58397,32.7493484725705
50948,39.6675164147409
38867,39.0156124535188
39312,35.4397325065423
45378,19.9472845435223
46410,35.6355824278051
21433,38.5840710347312
59796,38.2747066603224
36177,33.313521799857
46734,28.6094615295303
40850,40.233371998678
26989,46.0994201088996
33817,41.6907220436147
53460,34.2444942476183
44030,37.2889555680984
34275,35.858557951094
58703,29.9951684381995
48296,41.6777996073428
22912,37.0985233401439
29573,40.2123358092914
58993,43.1383693937267
28342,36.1710210185419
20347,36.3232766587254
41954,38.1881425464974
51234,35.0420930178954
32056,29.2019320817058
54604,35.1630963223808
58034,32.9967606164744
49074,41.4682806424603
39127,37.3327679467854
46449,41.0849517602897
51459,35.1547889307926
51748,36.2326003434902
45279,32.866117545238
26018,37.9490253593978
52787,36.1175029378493
41858,37.2970384684366
31627,38.0525506158635
59177,33.5888518071819
41230,45.4396420658389
27137,40.4822724484388
28123,38.4226515249476
56485,43.5368843163828
52981,38.5082465465134
41957,39.3999280408876
56037,37.2707377919875
59788,43.1325484115805
49270,29.0134603458041
26115,32.6662888797959
49565,30.0355502954418
52204,42.8713749071978
58520,35.6536714693688
43573,29.0807256253888
37791,39.3024973560394
42286,37.9052620294176
21936,40.2903680245158
42872,41.1400308999392
46346,38.1728785222445
40384,22.6485504582362
55278,28.7099774069136
42875,34.0527333454593
37851,40.6828491810095
23421,44.0910937023252
50899,31.2161777604999
33419,42.3937316568218
58614,41.8271495016511
48218,34.1888234310311
56568,38.9259923872921
31662,34.7827302466127
55053,39.8127753983805
39705,38.136136708119
56512,33.7035047681313
44275,37.8818254827027
31325,33.9356764849155
31470,39.516677482518
57393,39.2028502129417
53061,32.9653911827348
30116,30.7765932038155
52747,36.9621342859468
29803,40.6751826628306
35405,30.6390050067831
44426,26.4407727815057
43770,37.8463520435307
31074,40.680940124848
24398,36.7152573215175
50249,32.0695114382289
45665,33.6194575891709
28833,33.1072578481331
24944,31.2653443333776
45978,43.4390941543743
20126,37.2230741452149
37516,39.7315320090129
28049,41.0007060029093
34912,37.1822552655214
56408,33.0031287563532
28551,36.7972476306916
55946,33.0423016954745
49020,35.58588697993
53898,38.2966985381741
51222,36.3349132964781
42988,29.7065957488851
47264,47.3774709140084
50659,37.6069293563162
29731,29.5225421436312
37912,27.0313658422864
51367,32.3362952939201
31656,40.4314150551511
31766,38.9959647683347
51482,37.42564562036
40569,33.8950415908671
28207,39.4983017815345
42898,31.4487988013288
41246,37.5661421990403
39417,44.8905295289816
28310,36.0205639873685
57627,42.2478264180618
55353,43.095476705607
58309,33.1333845158473
24433,29.3349956206872
51563,48.4583434209629
40225,26.1559900554203
26747,34.6494724432162
42675,40.3425143285882
27687,39.6899271378557
28369,33.0489281997355
48890,43.085345953771
56949,43.2959543459258
27545,47.4133770409738
45614,40.9803122347328
56446,35.9054110967391
57343,44.2596461944065
39523,35.9906016247455
50786,35.6217204402169
50308,43.3863801599587
46336,35.7298319922684
50002,41.7837169916916
48800,36.4206902905548
48624,41.6192441186552
54490,36.6452380778799
38364,45.7556379106073
28733,35.1006128995961
37367,36.617626228037
46744,47.4797852143019
30385,29.1866428460221
45622,37.4001653691277
22307,41.4563357099308
43583,24.6307719899057
24477,33.3784192315878
26931,39.9454411887779
48108,35.8299877113948
20985,39.1194889643175
52448,41.0905871019569
38576,38.0125784705436
47187,39.593929121695
29431,37.602457721657
30003,31.2392014697457
25838,31.4049030376506
47993,37.4810345696557
54123,43.7670771151272
50370,40.7723428212804
51310,32.7818882769234
38468,35.7258144354921
25872,36.8384051453685
22230,33.1747930046739
55788,31.3226936731786
56496,27.1454468459139
26343,43.8227703057243
23887,36.3206591092656
51225,42.7259249032743
55392,33.6463590230004
34373,47.3666906856439
34644,25.3320239314249
44593,33.8627266463283
37396,40.0416555320467
43212,34.0081709071179
48637,36.8129976693063
44372,39.0263834976079
34134,39.2238904837336
49732,43.4327631511724
45799,28.2548305317987
34901,25.6313921584163
35188,44.2889362542465
55395,30.8229363505377
48048,32.9156000346801
44399,37.0606147841241
28428,39.2360380924668
22650,25.5799814815655
33347,41.2809065674192
30395,36.5681641581296
55471,37.0051183526114
22485,41.1226218293306
31008,35.3459634072988
32840,36.6892800128682
52300,40.3554409558805
38443,33.4298074960399
21981,28.362194151874
27766,35.0344194493966
58792,34.7153913460046
41146,27.5534812967706
31828,21.3589039206381
58040,27.4375708427072
38280,33.6715682323546
22536,32.5200460277614
33238,29.5059447129732
48822,44.1717276556075
46337,32.6012440130468
21323,38.6098791771893
32696,34.5628393366655
38567,26.1820114174154
30489,41.2421193328618
27143,35.5475336129985
25071,32.7493178233673
45543,36.5181820257999
48459,24.7706703851361
53969,33.7165642271507
25959,27.9434117801741
23947,39.6696686998306
55501,41.7162150426722
39596,44.0315984032234
23030,38.9134446727973
46530,39.3739372482343
47900,39.4242253217122
36136,42.9707543136841
57333,38.3071655986791
29658,39.7869567488206
26002,39.6820941633691
46285,36.017294467854
37517,38.1346004888653
27262,39.1472572010873
56708,25.0633494985207
20217,33.3142276073002
20617,41.0328880525466
20569,38.1428067519854
42531,35.5557219216006
38316,36.5172153638706
24646,26.6387631534121
21522,30.6716766757687
41303,40.1387162279983
26648,34.3310882685307
37594,33.6184271812299
49308,40.7372684253563
59568,30.2039381642595
51756,38.4959841258693
35058,32.9494740416819
46761,31.6850270864171
32116,39.1523422473914
24613,39.1731292515798
31972,36.8896882810081
31556,35.892777122467
26460,37.9112804815631
53768,38.1306730029049
48066,30.4945009636576
57902,36.9173327751986
50474,37.9008774589404
54198,32.5745160547511
50794,31.4064401557746
36192,36.7500854903068
54903,38.4984818446782
49742,40.1608208961689
30446,42.5950744875599
50183,41.1650026487727
33256,34.6864904784843
20254,41.1531351035843
21215,40.2204033628477
25968,35.9114736213028
44955,27.854862432959
31679,25.3203196965076
40525,36.6867120331056
43224,35.7454600219853
36094,28.0555266536311
29077,41.1674878937219
22849,37.9687565327514
35227,32.5142832107698
53590,39.5305610303049
30600,40.5647268637894
49443,38.6220601716027
26320,39.5361275765643
32258,40.6708076522562
38650,34.7593499931411
45684,43.5512855440657
40287,35.9810752187348
48032,30.7750653066201
48056,42.5170369897754
44308,40.9171824786995
31094,28.936047752347
26921,35.4042126853059
59643,33.8439049852334
46776,43.6751951424902
26778,43.4894339454625
38506,35.5453858129042
35588,43.658075055823
43708,34.6674893531059
58476,34.4768032827578
23651,26.3767947912638
52020,37.4449622588923
31072,36.9646937103761
54506,41.2874536877154
44714,42.7618517992073
58356,37.6621600468751
30290,22.4545713577892
35632,36.590103681419
29908,42.068223398415
46564,40.3761189862264
38782,33.7121868884325
25648,35.3982706571802
45126,34.2442788166796
42847,39.315450848828
54448,35.7205990080985
31390,44.1770816540414
29430,31.8116744372878
23853,31.8108460540615
41619,40.4764524931856
29279,44.6408573076757
41834,34.4786466016524
46004,44.715336234817
55976,42.0419348440983
47106,29.4516557857905
31124,38.1716301030244
20491,40.7817204110026
44947,35.5199226552292
55872,36.1885465961886
57752,41.2410774460984
49835,38.7626410334246
58612,38.9195830780946
34074,38.4164324437976
38714,35.6271598900728
47683,36.7291661643354
24327,42.987928720452
53846,34.4428245812535
24186,46.5033246063541
34904,38.0331964555504
26732,42.968851776469
22540,30.8449346614618
45104,35.4084154389016
55422,41.711259998997
46649,38.6844608520374
23079,39.3685003862615
58910,32.4342081280925
35856,34.9470494000108
26452,35.652483410571
38346,42.5922472048851
48797,39.6776053767084
25439,39.7483200277591
52740,38.2110625837889
50815,36.3620171348677
29998,28.359684313267
22448,30.6128912156503
37895,32.6446139701528
46358,34.5334108440245
24404,37.726651785909
30862,44.5208539710068
29091,41.5082944355241
46274,35.3737218751241
36607,38.1388370034776
50893,37.2617003392291
24527,34.3081060200306
55740,40.6025845246336
43193,30.0679702027958
50494,39.7260911320277
39765,40.938078271602
59038,40.9883727610573
46453,36.9566722836408
52917,38.6973412705401
43501,38.0907799728821
34164,34.795043502644
39403,39.593905500262
36097,42.5344021472743
34622,33.3558063774558
29616,41.3295930086133
40439,38.0879071304012
58029,39.8151528045285
22668,37.0166618466025
57569,43.7285514324707
22466,42.5340591198586
31657,26.1092463443856
35971,43.9975426670782
58849,41.8917579074496
42764,33.5848691401676
30529,28.6480415623922
33995,40.6752587035313
27409,16.0265227521423
55546,27.5196232978256
46716,29.2128090865097
43327,37.9144435671769
51637,40.708078309537
49139,40.2888076019006
48188,37.6275953686992
58416,39.824072429974
46957,40.7841728638335
34433,38.3706643238354
42495,35.9538306329588
55002,34.4737676803104
25714,34.9344105751205
49687,30.3485601515604
48808,34.8956909049037
35302,27.1169927514129
32700,33.3491189330975
38960,37.4246190929466
50955,28.6500515161439
34439,29.3601349333516
53508,34.0321915219375
51340,40.4866810640628
44375,41.6326892525518
48896,36.8850940267079
42925,36.0060594160624
59724,26.8986697537558
45531,37.6321690453561
53991,32.8438903802783
28849,28.6586505421783
34658,37.3409600723926
35220,43.1732424974155
39323,42.8398744568228
31194,41.7951901216387
49002,33.998164891597
32467,40.5160429126684
22735,38.9939328304912
53264,44.7076123629786
23627,39.1646197118411
34224,39.5526279999417
31933,42.9934928573773
37108,35.0794015701101
24567,37.7835651594539
34009,26.1677600398773
44452,30.3439901886962
48991,23.8982787127936
37129,33.6619392331919
24951,33.8841210194919
38267,32.0087533546329
21689,39.0714400219817
32612,26.3590444662407
39768,44.8562085252353
41550,32.0692763682679
42469,31.9599356054629
45745,32.2622932401324
29025,20.5338546996243
38886,29.9831795529396
45060,33.5512506693898
39907,34.826291022164
51404,35.4232717668286
40543,41.002350389995
27876,40.6310150486751
55892,36.4170197818757
46243,37.7427216848102
26601,34.8709761896465
51323,27.4234579741883
27975,41.2300424687773
27124,38.0344325298111
45884,40.8924367719119
48028,41.129516690611
31333,34.0317792183081
51910,34.1271113535958
33751,38.7026350121184
28546,35.7416410201307
31978,34.9885338346337
34239,31.1165503341407
43490,36.2407467110966
55019,40.194390239349
29443,40.1701252429966
39748,34.8990585075411
45260,35.2171504170109
21836,38.7623678906596
41688,34.5896108242252
32342,34.5512055466882
57039,34.2734824443517
59968,40.3763047156432
48686,40.6094656058883
56289,40.3560209105123
56717,30.6318231094812
36873,44.89350313675
25287,35.0314531891657
45382,35.4463038546807
31206,40.4739094024308
25562,32.8891925183381
37384,35.6800541077778
53656,38.6863425598308
52332,33.4789574558989
53445,35.0313182315794
40028,38.038890665177
43701,38.444792598211
22067,25.8820646888503
51529,43.4593033356071
52357,36.5041371745189
49508,33.7872788033559
44917,35.6119029107917
41871,37.0664117107351
23895,39.1202213243618
34675,39.9967642293812
43657,37.6172088018157
33565,38.4581510113721
20372,43.7474333025832
53073,41.5320728009744
28372,42.2657705832464
57496,41.1160438689853
39014,35.4105779611374
43186,32.9815918803536
43150,33.0455936857856
52932,38.6063355616431
26285,23.6705546459807
43058,40.7471078849378
41725,44.8312232814146
45296,40.0723204735136
34916,40.0810854707693
48804,35.7838241425602
43090,27.7977125222847
53295,30.7178162660272
22773,33.6139476881746
30264,36.0546921354063
32231,32.3809590982909
44783,27.3530832566815
47623,41.8513927153487
47970,39.360597227172
31937,34.3006650712342
51005,38.5989077355208
48833,38.2327046157882
37724,29.25023195718
50218,44.2031480023363
20842,29.5323056907678
48634,41.7437046990622
32632,41.9448702627252
40766,40.7607227837145
45131,45.6577071272016
59979,26.6951168983866
33961,40.2877965384742
37152,30.9247787449741
52442,38.0665269427198
53767,33.5386292727872
57527,42.3881280139485
55144,37.0105322302048
24081,43.8909804637611
49784,36.842057163487
54115,28.1569520429366
41494,40.2326017336521
52245,34.6906491879366
40743,33.4114606732801
59451,37.2704275017241
24695,41.889873588988
42857,12.1284730988435
38812,45.6021645247502
26590,41.2418038886472
49053,39.9873629574626
27671,44.7002653173503
49850,38.5888741652932
38203,41.811387391445
48418,36.4208918080458
34626,36.5434331608894
24588,23.3019259411441
44687,41.3443407316308
42822,45.266459871626
48184,37.1890927901079
56015,41.3077632825946
57647,37.2542975000259
46946,32.9895246204737
29447,29.7942043460962
28762,39.715730111968
32995,39.6168371814841
38140,34.9705594470605
26918,42.273554724859
38611,34.3826781039606
48848,41.1167155025815
49550,40.6725476095919
43967,26.1047394793048
54140,32.9962982799011
41885,30.0240538135274
34527,38.4709046924553
30341,42.1828767538459
24468,38.6262324999481
43696,32.4640860553222
35366,40.0663044338177
20266,38.4676857037006
44173,41.7085583219765
46226,39.8557402028405
21040,30.4026380058644
27407,43.3567834703665
22275,28.3410217275032
55430,28.3861506118635
25497,40.7038988441619
30159,38.0367173525452
33318,41.2325172358928
37664,32.805387635416
30001,40.2235094829673
40471,38.8144119682301
55578,37.001015066526
22076,30.4331911365429
22812,35.9497889277458
58331,39.9647030949771
36608,44.6720667628221
20345,43.9475016453388
37634,31.5301293972836
31973,34.6200713769629
55747,38.6844958714571
21949,31.9359141003224
28535,37.51527581289
24625,31.0438100724735
47631,44.0842384474971
30554,39.0531270609138
20060,31.8611388371299
23241,41.435566334918
52972,42.9066476546216
50619,39.2686635601551
53112,28.3506270916031
47189,40.50073484875
35033,40.2831739873433
29047,38.6212570479239
59899,32.5949551212939
57411,30.6237400487137
33072,42.3218540149853
57748,41.0281116644995
52211,29.5579103543608
24183,37.4501313146226
32457,34.7774460470918
52398,30.759071073458
42022,35.2139984903401
45991,25.9908994673319
46387,31.6554960366532
41150,32.7361816180278
47799,46.9404908164239
26879,44.020186315152
30617,41.1496064242153
39207,39.4897707213915
35667,37.7595671601275
37430,34.755789366759
35986,40.0822551117359
31536,36.0023273347056
53996,39.2825257575297
40445,34.5691163201838
48511,41.15401717542
59709,28.3695223111191
56872,33.5841272153543
26550,27.5050389656307
46263,38.1638096586206
45692,34.777424712845
29457,43.2793413308654
41386,41.313284307976
53042,43.7064103739996
39199,35.9435613757386
38600,42.8950416464916
33111,31.1808368107756
44874,36.6078060802668
28924,38.8814276506719
45483,40.963785405918
31288,36.8285895545552
27581,32.6879968802605
47524,42.7953127957504
23446,49.1543745466322
25429,36.563978359783
41632,36.5283952073596
54111,32.8060259564357
58788,44.021962635579
35958,32.7253331937786
47906,42.317211510391
52285,36.1220059354463
36214,38.7552617988184
45032,31.138181012986
40964,41.2247547716689
43873,44.4520212245389
51231,35.5853543231268
51632,33.8474580336023
34358,37.1470705650828
44594,40.4437395831447
35669,38.8118819715698
30646,45.3845161133098
31787,40.0922155168861
32688,31.4620308049766
54603,40.0678184379277
34447,40.6005993663061
20490,41.4280787308535
52652,41.5488847944797
56606,38.0761324446902
52456,37.1337249214544
25049,31.3798959694984
24786,39.3458797257115
59955,34.9549447201759
23632,28.1866536036116
33154,30.2305726164106
59567,40.3782586858575
29911,37.7771319296384
55238,37.3508497683582
59552,29.8769561341976
30358,30.163676892511
43005,40.9718681830354
30843,40.905210819043
47337,45.645258937419
54229,41.2907055855635
32410,41.585915533269
55325,32.1686001585258
57891,37.8367946263983
21434,40.2627003926465
43781,40.5962672468945
26731,29.6869443813545
28455,36.4509921012409
30156,43.4420058944791
44700,28.3878690958889
57793,37.3355057899406
33595,40.871388139672
38993,36.9330369182735
30060,37.1602390674554
24585,34.3574743591303
20405,35.4086011557834
22548,28.3175238224603
27605,29.4109764646778
44936,37.9752156729559
33784,32.7608672701915
37749,37.0291250736236
59059,38.3228926582957
44387,32.7719398755002
37809,41.6126903721749
42912,39.8252211988725
29542,40.1530771855694
39853,41.0995739505052
46524,51.1453375949436
36395,42.4234911928687
29847,32.1331566900883
33871,37.172791271291
34083,31.1468903424494
34898,35.1640096922154
53550,42.7937998790219
58357,45.1163505506402
37122,37.4839815720473
43263,33.9814449576637
23188,32.6785487028024
55654,43.1172526616735
56925,44.4768721491502
31047,42.2478114133233
49489,38.9503396640907
29307,35.3425337605585
22740,36.0980363216589
54543,43.4231233942803
37548,46.3017694858761
56345,41.2045693958736
22366,29.4930223368603
29571,42.5696594481965
20437,36.5129999742446
30698,36.1129584318792
31529,37.7096682534745
31857,40.1370628710893
23233,38.5399984267778
43901,31.1574377214314
30468,45.0520694490049
46085,42.1025188866455
37488,38.7779452548878
21025,36.8108714489655
27154,32.7776842439788
53925,40.3945917005328
57005,43.2002070438702
57745,35.9449908117916
42147,35.0649114795374
58350,43.5751587363985
52147,34.1833101886873
56633,40.1224134741958
35436,29.8173601511355
43734,37.6055368131355
25764,42.5382435403623
30291,42.6847909817186
23486,38.7407711913351
55057,42.4909415693597
34870,36.0444338682136
24611,34.1407198290472
59603,39.7996198904777
52708,31.9931618037052
58106,45.8390563658452
37776,44.011054431001
57050,43.8614257541232
45930,37.5401830421514
38270,39.5082971079327
20852,40.0920022898283
24345,41.6551200984421
56411,30.8033732560012
37404,41.5895219265707
42786,38.268882127539
49009,40.2739889543032
29404,36.0519584103415
44397,39.173973913509
34649,39.1023840186444
53950,32.9771066192527
47016,42.6608325700994
36922,45.6212504961479
24842,30.3852833226433
30289,38.7922416856452
43643,37.3716479002303
22831,29.850638144967
58697,43.7317601307299
59708,40.8317479142116
55076,40.8217907058835
33946,37.4945816510599
47295,44.1658380156915
43373,40.0858604697955
38047,39.6827897812204
39610,38.3934548129409
46504,39.6531796526457
43591,36.0335017920994
26852,33.5411373986423
56810,39.7372462746191
36739,37.7277181357762
36047,31.3357271584625
52681,34.0323088671753
30403,33.8788557423079
36008,45.4918519013567
41835,36.082909551306
58004,41.7901668513568
27250,33.7011296209243
36577,41.5218201675773
45169,31.8844373630301
49945,34.9019583621638
57759,30.6285228415882
37695,39.9459197959198
20947,40.2955734670019
24234,27.8338295774724
40104,28.8268871094117
21559,35.6141205879161
42479,39.9615430061361
38987,38.8503875785186
54245,36.6570698953451
28973,30.10209102453
41944,39.6062342090001
44294,37.3066124156466
59224,39.7260911320277
53399,36.2636630920264
25008,35.4086140540757
55548,38.4281081669569
51644,42.7122718559318
46676,31.8380361477856
53035,27.8053676870566
23194,42.0620700984397
25419,40.2242961634246
36520,36.6664396101101
59128,36.7115670575965
29358,39.8814039784705
39008,27.1491360058895
45090,42.2279636819177
43840,40.8071476808167
31273,42.66253380314
33725,34.9114022979851
51100,40.8608949597851
53597,39.851362432628
35946,33.9728490192935
36074,34.9391295511886
27221,38.8565871376725
34987,29.7933086350345
46026,40.9550106434318
27287,32.0264850645549
46000,36.2174906510963
28227,30.6165018292093
24915,34.6731901673762
59345,36.71599608289
39383,46.6197322063233
55811,37.9535041248439
23737,42.0711804665781
51259,45.8544410411339
38767,40.5448509507879
31105,32.4378942634788
25226,36.7213869150095
27615,44.458553369034
36040,38.9715919647789
44091,41.034068571916
44243,31.2869820989067
46190,44.5814610125253
47615,30.9556301900181
39728,31.0588519739131
49707,40.6793769854012
43219,35.6879298351258
32166,38.8620844788067
47433,40.4650198757891
57226,32.9960757255274
52094,35.1097833574147
40254,42.2133433449159
49849,41.9531050922799
35440,43.1063212317162
57241,41.0711101285721
44152,43.6042747463997
41174,39.5388344220318
20716,35.4670082254522
25285,33.2831427071939
50026,33.3054467007438
22978,43.6263894368669
29238,40.1670159385098
41348,39.8323417474376
42067,22.6691665271915
54608,28.2192092296593
48566,35.701304243229
49540,38.7696196462102
56946,42.7080398975803
49302,44.8587308373945
22373,24.4992887843257
27339,34.5655633753647
32582,29.7704108779641
40350,36.3292909460067
58540,43.1242784850223
47784,29.8913680523466
28904,30.7326924601164
22566,35.3912462655112
44965,33.7654850361667
58229,44.5623571048044
38092,33.5193872047214
54390,35.9865111861529
48948,29.5852953295985
47223,40.3228703275022
27458,37.171389587062
20726,29.7054148819827
51481,41.6232674911594
43025,41.7799950575246
38125,30.2469641646369
24140,42.6266281393446
46844,38.3896222413959
36590,37.2120087131775
21877,35.6117459793331
46213,38.0473995510594
25583,45.3935495811007
25549,40.6576295012205
53828,41.4266141420011
52473,18.3108134095709
29494,40.2743367166084
47689,35.6593942479476
42704,42.4731077907154
48121,38.7075567473467
35947,39.6425589027957
37670,42.3060289659732
47746,28.7763664788821
36567,32.7075078694202
34534,34.857905783059
44637,32.9785413229168
54117,35.0796436808119
22690,38.9189209453603
35829,35.7630114233245
53891,36.8014844141414
30868,40.6668016517694
43159,40.6371889137934
53699,39.966018780188
53422,42.9590880396923
50139,41.8714655926016
58407,37.5455739500628
53833,37.5226037503696
52352,43.7656642985915
55062,43.0785660657102
22764,37.9930945717407
22002,37.461270905377
37779,37.9543766458554
31455,33.3567794429698
48437,39.5045853697189
42017,37.7561934140785
24435,45.099763764697
33270,41.4485225790486
26538,27.8245509989203
29071,38.4210245584579
36589,40.4209761823294
34408,41.0045103227625
40708,37.0027747250475
50191,40.0818311287893
25804,26.7997208799273
32769,39.9259883462583
33577,39.339196305156
39405,35.565722672896
28662,33.7214160546976
24987,39.4606377394083
43232,35.7913517336503
26402,40.7900637175791
36894,33.7822111893106
21906,36.4299383360348
22340,32.8983738907149
23228,40.2171549723708
36932,39.2192545343702
48326,27.5897457328166
29620,33.3026857746049
22361,42.3120654545739
33284,32.0857210932305
44506,23.2382785294266
54361,35.5913369370655
32390,37.0236094144637
33691,24.7494820154358
59487,33.0877302371279
57811,23.146423113276
38531,40.0421728844602
37823,42.4365572139154
58425,43.0118293322722
26767,26.7314385128369
28278,35.1408553177824
46577,36.2053633884683
34235,41.0588610209579
36963,39.8232999156093
34593,34.2944408103057
40185,31.4610534169686
25750,41.6274517136622
47914,41.3272532800145
59037,32.1126202434284
59559,47.1302289267591
52918,42.9152548315571
44810,42.5876022538615
42408,43.018277720891
40297,41.7796050271822
46331,41.4563226549581
34062,38.4613409156297
41095,40.5668254468588
52701,37.0826693482798
34620,42.7777663192834
20027,40.2759719228772
34732,35.2788660410721
46313,35.3926848699251
50236,39.0948570591949
59337,29.5375881659769
23313,30.7616977007252
22449,33.3782158613529
56498,37.519120011008
52741,37.7224117845356
50251,42.4464153288918
38066,37.4949978854324
30609,38.5567212717953
37293,39.8976660988795
20363,35.9391069031428
56235,41.1730503628382
47251,29.0263588054699
49163,38.4744549187438
58991,37.9317401920433
52711,41.8792325023785
51940,40.5495025830936
59809,42.6563202821088
58067,33.8206907188031
40481,36.4816297003383
29844,39.2118957001421
43548,25.8220310724768
39027,36.5797218225346
56173,35.1699225863751
55868,27.3413319186807
46418,27.5879434016413
45526,36.8046292262961
51427,34.2063051804028
22693,42.7210956586702
52818,34.6580509499136
57538,31.0531684416254
46543,39.1908108526599
59864,41.7545696089871
50009,41.3474395747812
31649,32.3612549036373
49782,42.7182278789443
43944,46.5534387304364
52803,40.1943396915458
36332,41.4797089302522
29428,38.2306467806047
27724,33.0835313273198
39058,38.3805396879902
45089,41.2337075836646
21311,40.4228105145826
55368,37.1843293605689
52472,30.8538749367545
56782,38.5295731462408
25582,36.3919347804463
31493,32.5094792779881
57322,39.3947022873504
51495,32.8568262196423
30623,41.6398772837518
50598,35.9014278119752
47531,43.895677803649
52266,39.3722002730245
27119,40.7434767808278
52121,36.8702205730073
22659,37.8569022249896
52800,39.7386271727896
50449,38.6895096895033
27165,39.9590585363778
23098,33.2973596875596
21570,42.7281132187678
28588,41.8477851832576
58779,35.612194294547
22399,37.8825703044463
50807,34.9790921464612
27209,46.5540536256322
41374,31.5911734064191
41293,43.6096145223385
31242,34.6288942814272
24472,34.2866602180586
25856,29.7791583436589
55254,30.0838207081585
42386,35.0054739055865
29800,31.3806776839675
26676,38.1330050763998
51292,30.65579621374
39534,29.6222015908667
56680,31.8845911139031
30719,39.9579525190092
48554,41.35645551067
49034,37.9660996407845
37502,40.2032616586327
39181,37.6552602703255
34389,43.2358004612982
36139,34.7910837953648
20251,32.5271567551951
37458,35.6999372063756
50435,33.4079778027983
37463,41.4544167743623
34889,37.5927071462839
30542,38.5197961612428
52177,28.1556030115173
31867,22.8797256196791
39307,36.1304518476932
29879,38.955440719207
52362,34.4402672422213
40393,43.048753395566
41535,33.6901698889243
20072,43.8538530203374
23626,31.3800703026856
30578,39.3939094192762
36566,36.09062481172
51561,40.4561656796801
38045,29.9073220125439
24382,41.8722438495872
37893,36.9055757088809
54272,39.6735898843353
57003,35.6548434832389
57008,37.565923115268
22830,40.5793768168377
37233,35.7543973391283
43218,36.6236810031406
30735,33.6900770746629
46618,37.1089229576644
44242,32.125610173668
40331,36.4115623083424
30860,29.26483405852
27101,34.4948433911808
57214,39.1475906916744
45424,44.457189091976
23157,43.3860327795362
33343,35.7275842102401
58446,31.0928425939743
48322,36.6095230793797
35801,36.5431251789095
52541,26.7234650709705
21784,35.8469069338406
37427,42.4462312172636
31309,36.2252432561959
26945,37.5570068578958
46308,33.2118470271009
41108,32.3403144401331
47429,36.2052847857273
24449,33.9471683566127
57348,46.9835939531717
47714,32.8747934629499
20653,38.392975835565
50932,33.8012251560033
32076,37.8912550206448
39972,38.7498245454502
46880,36.7957566941923
51622,36.4420926485215
54424,40.4754083780001
34203,28.4192997580444
23495,37.1323087006307
29349,35.3390176153322
35552,36.6405055324829
59921,31.0983082355598
44991,39.3584102559054
46496,29.0695273136439
54048,33.9426209672219
42012,29.5260552892864
49138,40.8130425661729
35109,41.7093105482077
51923,31.6432697772058
46265,33.4574200804213
50953,39.3624110967657
27552,31.6132727087088
57643,40.0546920176076
41094,39.4176583848616
43095,37.6198339764504
33807,32.8653400866561
30611,34.6340927845061
54141,38.54319621641
48625,38.4486049438196
22008,38.5087538057633
34300,41.323067519466
21309,41.3327323168786
45395,39.3156040366899
54219,37.9420159353072
55339,39.063672662125
42248,27.2472029257386
57709,39.2886069755564
56644,34.3416735042717
27376,46.8447796984871
55516,41.7138064741011
59129,31.3993952370977
23027,40.4997436394055
24120,24.5578278356913
40930,41.1709041138758
50222,30.1066728060202
58290,32.457536607439
46118,42.1528538862424
53278,33.3801701752225
35247,39.9472503507675
21430,38.2968294154993
41472,38.939967775741
46105,29.9771836421498
26446,30.36323562095
35766,46.4874630608683
44194,37.9647309691238
39407,32.1760142778323
42562,38.8746424379722
45615,37.805476344585
42101,38.8902585345142
50978,39.2754938596987
58707,21.3063174068117
56763,41.5844467423151
55900,33.3415922839352
45346,27.5464333109255
38405,39.2269737025067
52418,42.5996020113843
41191,42.2147450744068
47372,40.2552461925096
43681,42.7644241443245
46079,29.8733265923966
24906,37.0460952611482
55448,41.9929943069114
44330,29.8723079308455
21724,45.406015362762
49817,40.990031574268
45536,35.2679468184818
50378,35.4359702657071
39920,39.0421795737693
44036,29.9413126447188
41507,42.6219122486321
39770,37.3338212893632
57046,41.2971327472955
20758,38.5336384607354
20219,43.5143618892952
44021,44.7836818057692
36371,24.1128269809672
24462,38.5139210759202
35512,41.8676270539944
48482,38.7552617988184
42218,29.4551351795478
50898,32.6864459487793
34576,40.9049207344473
50351,31.1436707982135
31541,33.2947016569803
22639,41.802841751869
42862,35.982779304196
56734,40.2800306706641
57351,30.7804299947999
38243,37.3956392231442
37741,27.7869630043029
37549,35.0807342255217
43086,27.1537534743225
24849,40.7403190809573
24311,28.7684005400249
56672,27.8804396139778
34897,37.3583384099425
23482,39.7874546418592
40716,43.3930579654255
37039,34.9136281019414
29876,40.1332912525078
41485,37.0968723019464
55466,41.2226966082882
43322,34.3086460828376
27434,42.2269524230584
54446,38.3893048098027
32285,32.7518580176855
51854,40.6781938261966
52046,40.3988327882563
49113,48.9625215416159
24041,36.5580743394694
52093,41.4467473675866
52600,37.788216453719
30193,38.7201987624038
27665,39.1420566620235
42452,34.3531475867459
46131,43.320926578597
33149,38.6906607818297
55919,32.717176245035
56700,37.8237513131882
38716,45.4135270354842
27027,34.5073192852929
28716,34.8663182725412
46427,23.5021210343862
41539,38.8085366081929
31362,36.3542703730133
40417,34.7082160868614
48018,37.9195682869102
57103,44.8679328196964
29513,40.1975850981084
47905,40.5640389182836
22192,37.2623309116957
48014,30.8089395707007
36271,23.8138429239647
52602,39.9581347617454
20493,33.4887403997128
39887,37.7025904837634
24938,27.9598424537507
23961,28.8059448096791
23078,49.621774174058
37657,41.575687047024
53242,40.861440740785
51564,36.4659532536886
27725,25.9343807307107
48594,33.5454223045486
58524,41.0873144209189
44732,41.3224864562902
42903,38.1873339832063
57126,39.1347554561555
57836,38.3891687870402
34882,40.6984507104812
30075,33.3922306217359
57618,36.6624470391412
43424,34.0405878721555
44195,33.2226320819351
41089,28.4674218947339
43030,38.8721072430027
53613,42.4128345639076
37728,35.4237251234513
53044,30.2249980262874
21913,32.5081082895404
56280,35.045574357661
56019,30.9879501213173
34325,36.385862314584
24079,41.6446584671139
23677,25.1376165081642
51620,32.224257464005
37308,30.2436193095423
47650,44.1133136382643
28926,36.4345344127236
39137,34.816078434878
56259,39.315195304602
58664,26.8801432151018
41427,39.2609910192621
46897,39.2960751438105
25182,34.5653689605564
24674,36.8062860319514
36661,28.0290824902923
36660,36.6890239503548
44101,35.8899005488386
57790,41.282700287409
48940,34.6872240940081
47136,35.5030333132411
27667,41.1301938370997
30660,37.3320516695929
40182,38.3733762416363
42993,35.3010984710859
24956,34.7965917033795
38450,41.8822412024088
44996,42.1734022315376
37184,29.6481328625573
46809,35.3627662003147
52237,40.2775626264413
29381,37.3307160326091
58195,30.0306731660321
46420,38.2063519051193
54255,36.5153551917599
58049,35.054979059154
54103,40.9708118180514
54348,41.3729680678133
44220,44.0786609851294
27192,39.7379166347583
20035,39.6325473908142
49960,37.2803143386563
20348,42.7118806994506
40785,41.429820613668
34932,38.9430775330074
53124,35.762063466848
58314,40.4873596272729
21527,32.3439799502558
52522,40.873163246789
59942,41.0004739408337
38613,40.2728040213348
38299,36.2933441221511
40009,34.5485005561915
41751,41.2305020264006
28111,37.178826492668
33479,39.4003279351968
59482,38.5770104382067
54904,36.227542123382
35749,31.0622262588971
21634,43.7826325503762
38048,33.9346935281033
41984,39.8421600002522
46035,42.2088241971484
30740,41.1677578124315
59885,46.3661259878826
51114,33.9629653861276
43554,40.6352141805281
54655,35.5530607830365
28471,27.913266869015
51023,26.8061142002348
26419,37.7339368229618
50161,19.6754955239909
38129,39.1866543891119
49244,39.2497938256936
24450,41.8376428558941
30819,39.7886377089582
55493,28.7945138708697
33885,41.4716681407667
54587,29.9112060549354
58313,33.2777848911701
38002,36.0697430187334
41077,39.3620741698346
29007,35.8358950023439
24621,37.0895714598499
55357,45.4044750775352
31300,45.4702671830264
57737,16.0975252497442
59028,34.5163291290326
35189,38.726420820289
23365,37.1346035831096
37527,37.804864023189
58725,39.4169991675952
32384,41.6508889530993
27175,42.1665856639345
46413,39.6825523180289
51463,39.1728132268278
42897,39.4579982447225
54120,40.3098636491975
33453,36.1004020432541
25906,39.9371432890644
23251,43.2674477380664
58665,38.8432293382921
34971,42.5251306446785
48794,39.5046581131395
26686,37.7349466162373
53594,40.7885838560688
40914,33.8702365394934
51924,38.3599487842188
33190,33.6959745777339
48150,40.3772443349847
55964,33.4031241354135
36070,34.0354128594221
59571,30.022262861201
57579,42.9349045056033
52180,29.0682710959765
52214,35.6478362969572
40911,40.4623277832983
58110,32.1305274008671
28405,37.2293859081245
28309,33.5121194151183
30077,39.0313684482404
23037,40.5189474748928
58640,36.1788261425769
40671,39.5572675527826
46930,29.8649622174166
20461,40.8058433704102
23328,38.667327905256
26797,30.9441255643099
30645,28.0928125309719
25993,38.9877152196243
52582,41.1686345157509
42635,42.5093843050307
31214,34.2555343939182
26669,39.8462562065706
26172,32.4686838728921
46076,39.6243659645706
58688,42.4455704864383
34891,42.4454050517083
22357,36.2591447749817
37540,29.2242141968112
40217,33.513636085256
25704,38.3413417482169
28579,27.3762478436664
53694,33.9201875016428
37660,42.2870533475409
34102,39.6107004733547
24517,37.4064430939259
47491,32.0309937743166
40466,33.0518933384423
54318,41.413049532082
50201,29.3360456137748
59000,35.2781319260441
33439,26.4034985657157
56426,34.7652622001792
49357,37.3901633102271
30254,40.0805464280493
35175,32.1024795324001
40035,39.0463252273171
22113,41.330452356905
55453,33.9201014172216
51283,27.4299132948266
54694,37.1493244965441
54485,45.7234450851277
39703,34.5079780255124
54244,45.0608613006534
56078,36.1063765783975
46693,30.8883511289445
55248,36.9963113474439
22970,39.7498570252909
53465,38.8401912685115
44813,33.0029938552929
47142,36.5506892602345
24210,35.2438218300708
57378,43.1137794310605
31831,41.8992020528187
44043,35.2088984850705
52721,36.541385486269
30541,33.6977718544233
27318,30.4670081667247
48539,41.0986244771111
42952,39.7997149876391
56908,27.3892206310039
36994,44.2052630597132
46887,36.217541281191
53576,35.1970206079927
20243,41.0401500805092
47296,40.6828745997392
52000,45.6228391751341
41475,25.6703021661693
50341,40.7805931286527
44227,39.7768421508609
42141,43.2249391625875
49571,25.4719366035274
41121,25.7696766563005
38494,32.9977068121533
43404,34.6614595351478
31809,35.9539444844252
37946,42.9912249460512
26449,30.5457679800525
38063,33.3944624541672
41444,41.4288576943224
33255,38.6183231360805
28187,35.0042091723132
31017,33.7684119417995
24888,39.9504208517242
59225,31.1932637619768
45652,29.754576055901
34858,35.5713653895709
42861,24.4509563727472
58006,34.7725068088973
23721,36.2994845556661
29625,44.5539630513245
34719,40.5782350039955
33551,28.9281300761745
33170,28.3042631860598
45728,39.0751834935952
47632,39.8029374655192
25220,40.2435599352143
27627,33.1168652973302
44660,41.3030934732449
23480,34.2214365930165
40841,21.1068817667004
33042,27.7643273067648
28865,32.5630816603083
22276,27.9618124231958
43744,31.1766147790854
25075,41.6821864080667
25028,42.3798615703146
48252,39.6994066703559
41563,27.4164208645009
20048,34.2006471565909
42097,33.3855519969334
56106,37.4082353992084
20914,40.3866613983914
59502,40.3862924092964
50253,47.0879557342055
26853,32.1984091058338
51395,34.794330621252
43004,34.6450213507654
35283,26.7965326596721
46227,34.6437644623733
57789,28.6695278901114
23815,39.7828729829143
56368,34.9255406108254
22962,29.6322285582734
25681,39.388569987675
28262,30.996032770944
59222,33.0730330402001
33625,42.7188587634551
30668,38.61396221471
53837,26.1993063871502
42641,34.9883640938489
37562,44.3268630469034
28868,20.5852598765865
49893,40.2991140234209
26136,34.3348472385157
29299,43.8460951308894
49984,41.2037046841557
44546,34.3442650567843
28977,36.4272684934655
54732,35.1162970824738
39722,37.4557539199741
43896,29.1976306923305
43388,30.8190377237805
55566,32.8637191931915
48180,32.7533982110288
58238,31.1486011051055
25943,31.8787102927884
48428,32.2812979268137
36682,35.5055890871632
21023,35.0476690380597
39683,32.9732706997166
21851,29.7746220159909
46439,37.323256760834
29210,39.5452861751395
50315,33.9878409539767
49980,35.9560090295107
30397,29.306465298241
25470,41.4753481617117
48874,41.047517006056
51472,36.4305956719707
48953,30.1382730765084
33465,35.0127440123492
54584,44.3726989225703
27524,35.4871362657356
50846,34.0014645434208
38621,38.8404468309739
57026,37.5025237191526
47797,34.5333772297767
37392,42.5342421852594
49454,38.8217689369937
30458,34.1372808893424
56424,40.8807534601593
59722,34.9676327741756
49204,35.3750053021756
22514,19.1639956225742
27851,40.0467563022094
24515,39.558948762132
34130,45.165343811673
45529,36.0982553345745
22387,36.9787897265437
33851,35.9747257102199
58928,30.50261443972
57814,35.8648923838178
52035,33.6676722479475
50946,33.0630151120643
27727,42.5350357808005
47487,36.9654781215565
29326,25.2847924968993
39136,34.4337125480075
49235,26.6479465602241
28581,39.1323854972167
27937,30.1668372638399
38145,38.7558171557561
36652,34.1984717561953
35940,40.9118810768116
35063,44.0406919736586
45343,33.1204467468755
27992,38.9000173468574
59808,43.4727776475797
27314,35.2624281864375
40201,41.1862557436475
42140,32.8751332694886
44926,38.4599442875322
49110,34.1295104625425
40321,36.3063441414418
56062,37.5480824026789
54822,34.2381455349513
52704,34.9159605457536
22857,36.1538936855815
35931,41.4850245978293
31303,40.2422054837471
28197,43.7241878589376
37309,34.8705903088589
52819,34.7481196549359
36166,28.1961438102776
39142,37.8403430604814
54327,35.8753561054615
50576,40.4154125795959
21022,28.9718844249102
23862,35.4083479498034
23473,32.9858504311867
57832,34.3078556707226
20745,33.7316084312103
30162,28.2546232437793
38865,35.3572284501887
51090,38.3434265964488
28344,36.1184821122934
28869,43.3214311924185
48325,37.513215988139
32944,35.4638411542993
52438,35.3441587190382
36421,43.2598126739525
43964,30.6756826267117
35873,41.7887361058319
34395,37.7659116142295
34420,29.9170954030556
50875,30.7357771827637
30093,30.1754534143416
33169,34.6026583984354
20097,42.5529256040781
24080,36.6120437931504
42180,39.1417652782444
47829,32.2915851548229
34895,40.7688085545132
51491,34.0385803278955
44767,37.0622142152026
21747,37.0403924325604
56838,37.7436655701953
59626,41.6412246129199
56155,44.698831139068
27593,36.2039327857113
58594,41.1388579328888
55043,30.796885723466
37134,24.124686897918
47182,30.0295697758239
58798,29.0949112822749
51116,33.9299230180559
26354,29.7406076793297
27324,35.2298015861181
48767,35.6394726233867
51207,29.7317863214048
24257,38.9509879338982
37644,29.3285429200924
31892,34.9596169481398
41743,35.0956619231738
56231,41.1212895608827
41820,39.2790424464998
44025,33.7200444373663
43526,31.3085456629862
24863,36.5686313328961
46592,31.3382067975405
20108,33.0178027798732
33242,41.3629023852203
21783,35.741846015014
50719,41.93760053537
54592,30.455473697445
36644,38.1056890830931
37370,34.0427458148614
41361,43.5450191131466
54472,38.4656101187081
30687,32.6552918555727
52387,43.9053444101384
35263,32.0388150666017
32179,29.1820629738238
29088,25.8663145428504
41339,41.9227717745306
52619,39.4828954647961
21216,34.2676871508954
46002,37.966956306696
29627,40.6329842398103
36850,29.967016114479
41999,38.5700882218049
33606,39.4647688879152
47605,29.3448779656037
55315,37.4594466279755
28410,38.0883926686176
37372,34.6292360766745
33276,40.4626520107507
44983,41.3913900028487
53175,36.7162355456833
30000,32.7059576165439
28082,32.1197422863699
59123,30.5734194278746
24917,37.778550224712
46043,41.8593513082249
20090,26.641677510394
47590,39.9718758522859
37444,37.3071362928413
32997,38.337422124405
23628,43.4223353515594
51028,37.2388253782523
47552,30.4493643443217
22342,40.2578324533281
55523,31.7431566794022
31491,23.3728375428627
22760,40.7285855558092
24156,44.1996046891077
23509,36.6826402360934
49913,42.2504843044583
54281,39.215902109051
35069,44.3347138689335
22815,38.9216265788711
52673,29.2228039303879
26247,40.9701962001743
36641,39.8270203687238
55304,35.475499142912
51974,43.5715496136939
26450,41.0609985608457
59514,40.1729351083525
31123,35.3820171636633
32413,34.6739275278844
56444,40.6138085593433
37306,35.6638807155034
57864,34.5245468735007
54550,37.1582655098096
32633,26.7781022380315
22568,23.5463850599938
36701,41.8694224934199
57216,43.6227842666491
35611,34.8034071456656
37378,39.4891922862657
34798,33.0354577222773
22928,36.4646609864661
49385,36.2502158130925
32500,26.185918722056
59638,30.0157423863878
21196,36.0113983328723
31550,37.4826880178436
53425,38.0949079863472
55474,41.9468897230725
55485,37.1582480618475
52521,36.7925628202073
43558,44.5738501211931
52669,38.8392199830533
33352,40.5370030197084
30440,38.5614324214853
58585,31.8269031926116
27064,28.74205288905
37555,38.9844010427708
37935,40.4030409998037
39869,43.0804952219002
24144,22.4302770494742
30874,36.3674979241938
44733,42.9441732536108
46478,44.7765543698349
33177,32.1936845358366
22861,43.8250348060451
37334,26.9204645484738
41329,39.0847703658311
27880,40.2502953985105
28552,40.8460957749492
46767,31.8864422718314
26801,35.2377233393905
28786,43.7915371431492
51172,43.0863276558844
52260,34.2894429675192
26037,39.4887893397238
46146,40.0864277463117
43349,33.7191100835178
40086,35.9591668233297
23357,39.0384634837928
39897,38.3847258669627
32377,41.9293256038314
29131,40.191850086234
28729,31.5903913532662
53470,40.5505496966882
38802,22.5265175875744
36428,39.7445140948811
56683,43.1373272303714
46147,41.6981876563129
28827,40.2909066940613
28728,36.6907160508331
52298,29.9018261586186
53769,34.5115462766151
32708,39.3905973492044
53552,36.5660542933622
34137,38.0049348219656
58254,35.2985381954578
27290,37.0372198418327
27274,33.8889791944632
31192,39.2973170032852
36645,34.8323312890045
46432,30.4084549529326
46632,28.7183881893224
34887,32.5439923518709
24007,24.7223817011874
26913,43.7348455860062
21619,39.080535178267
53503,37.6363770771623
58122,40.3585598061362
42966,41.8452287099779
26451,35.3525600402558
54328,35.8303476776475
34112,38.5300159129356
32075,36.9573494333781
28930,28.1889497190537
20000,35.3122610479464
35125,34.7331294129256
33582,27.2719209806243
50245,34.9239735233627
51801,32.0077030968621
38410,28.0384754052686
45170,37.9832125427329
32039,38.4824944598894
33382,34.3017928937514
37032,38.1107310047179
34800,45.1314896665863
46425,31.7717451090854
52826,38.4869024380181
45379,32.0537729272542
27186,40.9644672741736
53435,47.1212188774372
50032,36.1102709552858
54043,46.0576339101534
37744,43.9727719991721
26467,40.8976259206157
44110,32.3258957755553
37523,32.6248674879956
34555,37.4576935144028
20168,39.3510932081436
28911,37.6043138501313
50575,34.9191358188997
32368,42.4935751345401
59062,29.6884399550153
37751,38.7215773542665
25044,33.9544226887697
26371,37.5957951271206
38942,45.2503972726202
39332,27.5972218370094
33127,40.6637678289012
36305,30.8115608595558
39201,37.9287146094679
58768,39.3021629408845
54081,39.2338495598885
26245,46.9179895047412
31280,38.7877178360838
45464,35.4183315676689
42514,36.9713538929069
40635,37.290452897388
37764,35.0953566258951
42946,31.4904593674226
56475,36.7378966935884
45947,35.691633583943
51110,39.9663241114895
40518,40.6674593274632
55525,36.0165163681344
35843,38.2760942598372
53789,36.3993376196413
31896,40.3323874444418
38069,32.8238131776489
45629,24.4245039170249
29925,44.1943021359821
34508,39.5002192281897
36265,43.894507917237
22239,36.822989370813
54095,37.6828946167873
23145,37.324325006998
40327,37.116453908253
44184,39.5237199965111
48471,32.224290487788
36407,41.0361583468166
22883,33.7571457353326
29453,34.1199476224764
46868,31.1662253159703
34306,36.9786684539945
52360,40.182310186269
43384,42.6699308284504
36767,35.9313536514272
47468,37.8117184488097
24381,34.9072304989762
43089,51.3127948153462
46628,41.1097924593246
45496,31.6832768164399
37564,35.7989543743208
36044,39.8577572579071
28656,42.4522350124923
46126,41.123851616931
53339,27.4250956731898
36217,37.990725217509
58892,36.6660637463173
57882,43.4832990563401
56336,41.5770898551111
45924,42.083573906819
53743,37.876261865202
56189,32.64380014324
51961,39.5766758076332
55495,39.8496776869138
37041,36.5603458321582
48692,41.9609831034592
20429,38.2157285253447
39421,40.8627015726537
40031,36.9013775912274
35922,41.772099479443
24471,30.5692531322666
28858,31.7598175418318
30232,39.4731573499569
51733,40.8605932514111
34673,41.7366233391033
32014,37.1805503649632
29849,42.1480732729653
48319,35.1932451199155
56523,36.2558164244997
47602,43.159783357234
52428,27.9098017661381
51699,35.2613271115007
44617,34.3686021694678
27712,39.6159110138582
52586,37.6070494300594
23797,39.2008896791828
35837,32.2844371285146
56039,39.3127105207745
25185,36.6018965284472
46378,34.5697394984274
25130,35.7685735211197
45817,35.3635200193434
26155,44.8086037908748
51249,40.1177867201112
44423,38.9648986726125
48942,35.2533401673763
49064,34.4723340879966
25254,38.8280703206011
54234,34.3928891918394
42627,26.591756210755
55340,27.8759490301395
39930,35.5842079809137
49954,46.4469768144822
57220,38.4671655472523
41747,30.6322408948609
41202,44.6763554339963
24974,39.590842816645
39062,34.3633286942879
39971,35.8194125448501
51959,34.9080233950734
49311,40.0665320799585
29194,39.518142482776
49180,42.4425097001634
37990,41.6111858801471
37746,37.5051930799694
56657,31.5810198918132
34425,37.9033582262928
50460,45.1309351416718
47434,39.130714414917
28023,38.6096591555505
45035,41.3283041630357
31960,31.6222384869089
44685,44.0589518608185
40367,39.5165598842184
53960,40.7591777817065
50954,41.4182580765285
52051,39.0676269897959
35169,40.1786639472949
36340,43.7802061358776
35100,32.890343972024
22463,35.6344031002596
57173,38.1293869102122
48708,40.053232467709
28461,37.6027014253459
28358,34.9385110208969
49886,37.9415082053166
29516,34.9226102589168
45520,34.1909005416664
46573,32.1118223491158
58567,24.4219968418944
48363,41.5520336395371
32053,46.8559124146754
22326,41.0801909691397
46136,40.1096452573623
37547,38.7784835805037
20309,35.8597404928648
30197,45.9304046660465
41076,36.6071247707728
55041,34.5803364020977
35863,28.2923151182984
50274,28.3971864474186
49635,40.9416564429871
34908,29.0051577396653
56988,40.4479309244402
20512,43.0400581153985
26780,38.0337914407783
20071,37.9149664994995
45613,36.9184398921775
52839,40.9995831312939
41371,34.7215197892977
29163,39.9485328784632
37344,30.5995627254206
24062,31.874001196745
27976,26.6491853462402
44620,34.1412860848445
38075,32.5839458431411
29028,31.486712110822
24220,34.4212709132426
43390,28.5048483979656
34510,34.6706820944604
54824,48.1864380415722
27368,30.7164697203635
37872,41.4354471986533
56650,34.2820687729744
47853,34.6274607040632
59252,32.1051886089996
24616,40.3763504580251
51311,33.9313503457413
25321,36.9251828367601
36540,39.9858891207978
21598,46.7777199112979
34597,38.3373811850922
22396,41.7312900786366
41198,35.9057665252809
50242,36.3823926105041
32212,41.7099824592924
58507,43.1459983940769
50466,29.4273290817931
20535,40.8423555892646
43669,31.4941777581963
24920,36.8162354083471
22780,35.6146591303213
22845,35.6801053440975
46260,28.3724816176277
30418,38.7282474710015
35043,34.3343562821362
42710,42.0107207347774
46988,38.1805320581759
58922,38.1069034940441
30337,33.2000151085309
29401,38.4995647634356
23559,45.3652366969243
28441,41.6700438064516
40787,26.1300260226073
29328,40.0064925622336
27322,36.5190136787933
36686,32.0377887439162
44140,39.3668291020124
26922,36.339890726119
48620,33.3464060513816
34817,35.3844034619142
30939,39.632652410514
41533,39.4811179876602
29547,37.7441315447728
27026,37.264826028216
50257,31.1127355990438
34814,23.5844840269895
41916,32.0617750201646
55063,41.8244435962053
49240,43.3824403338094
27714,30.7059471532047
28038,40.3669337407585
38789,36.6376644423366
36397,32.6386860009205
51407,37.9291574630337
54743,41.0243212059994
22581,35.739729923549
38144,42.2294435964882
37321,38.4418676317854
34295,39.5246138705841
24879,44.124485806449
20187,36.3419544279692
54227,39.5008534212035
33985,40.7337802171001
55060,40.3401349363259
45916,32.1121652101233
38216,36.2630643571602
32773,40.7501414406729
38939,40.2786114340857
45737,42.5820804120684
41404,40.2961038122468
58258,26.8714834494024
25302,44.3947619672571
33514,32.4399549039189
41631,29.4776800860207
55279,42.9854825936505
21743,43.3219020595705
54137,33.9153410054326
20399,41.0508076673994
27588,33.6845609947156
26199,43.3581057703029
23418,32.7539431657106
51594,49.5186310637117
56518,39.3226592457007
46856,37.5907923083162
42934,38.1251695786774
43594,36.8725477853014
56428,43.3194576752745
58385,41.026180478814
37996,43.426294264158
43348,29.3513358840277
28870,34.5908878067274
32851,37.7671274004635
22971,33.9733300525924
50555,36.7942981807264
23771,31.6930093913235
28145,24.7392291448577
49801,23.7005017855609
28899,37.620572978089
56440,39.3286522721406
36584,37.3461285831609
27848,37.684713458051
20275,17.8606332890768
58306,40.8711703152647
20159,39.701962162619
57070,32.5444971031204
57857,26.6617612468109
36351,41.1840240953789
55179,41.3201680875422
52052,39.991285853368
24107,36.4222395571518
26736,44.4292883621658
33025,33.2596590995367
43247,39.9911218833186
48718,31.602630209308
31012,41.9992458019405
59469,38.4418320703168
43397,35.5329381508801
38922,29.6572174956158
46171,27.7986399806165
40379,39.2601555042955
47070,44.0444659371429
50328,33.9272705901513
50894,40.2044110184845
21990,30.6441394633747
55477,33.877877895717
43368,41.2955420067696
43381,44.7052486833895
30124,42.6273406351868
38031,35.5082587786765
47752,35.1509966969947
20281,40.6914712612146
30683,42.2719271156856
36860,42.2085330417378
34803,39.6024152894233
31183,38.1159556872653
38307,31.0911763791116
44174,39.8801822156542
51010,35.5950137514302
43710,40.3451024759178
57952,29.4793886455459
46674,39.8910059743254
23603,37.3532603092102
36453,34.3968431575719
40036,41.115446426413
52391,38.1797361443615
34919,38.8483623871799
26029,31.670784012902
42657,40.5964898154057
52713,26.9430608125198
44508,36.4571224217563
26248,37.5380370094923
55073,40.6890563925363
31247,32.8428373657169
35921,37.1151862629926
46672,35.6270896639536
53599,45.7563806977296
27761,38.8870574464624
43306,34.5554925202467
54319,41.2620861439358
34292,34.9062982437789
26394,35.7221603460163
47634,39.0068925112536
28917,39.8060564836969
37740,36.6411037742096
39190,38.5053146363355
34571,37.0116587253496
41180,38.8566856726018
41759,37.2605984252636
28678,42.1631824391983
21236,34.5083479816623
42768,40.8482360531271
44587,35.0458294385059
21346,39.1047129162797
55421,32.4419313461043
42310,35.3527970409757
23438,33.5777618632655
29034,29.659839941698
58552,27.5149093195045
24558,34.9769434402027
43055,32.7902620528356
49252,36.3802518151407
23722,39.9809015336523
56798,36.5266368677258
21721,34.5651513431466
54410,38.6361513197429
32618,23.7963977221219
57564,39.1106086809724
41194,34.9115344385441
32241,32.3077113476044
24650,38.5498756711361
25204,38.6158698113154
47614,39.963966884619
38705,37.3014635452573
57956,36.3404515420412
46941,34.8853806435574
21526,36.5961166424125
32959,32.6817746929321
46057,35.6832595815934
32808,35.2672427740138
34983,38.2985333964958
46596,33.5089542437688
24340,38.1820155771084
26267,33.2410019840683
35338,41.7888559929998
58925,36.5114673892003
27534,34.4091424899218
56916,38.319031844855
41447,37.0439258159399
45274,30.7805983095862
34834,37.496042679618
47535,34.1706427861971
46304,27.2035199132695
55018,39.6315156930693
33430,33.9015116329543
31817,35.3497569402278
54615,27.6920962673192
25607,34.3093788848359
42001,36.7428062814835
55346,40.1742965343058
28884,38.1250106218973
42014,29.5127743118924
26076,39.8381229831862
35050,32.6728959062419
